text,mood
"I am feeling extremely happy today",happy
"I am very happy and excited",happy
"I feel wonderful today",happy
"I am feeling great about my life",happy
"I am so excited about the future",happy
"I achieved my goal and I feel amazing",happy
"I completed my project and I am very happy",happy
"I am smiling all day today",happy
"I feel positive and energetic",happy
"I am enjoying my day so much",happy
"I feel cheerful and full of energy",happy
"I am delighted with the results",happy
"Today has been a fantastic day",happy
"I feel joyful and excited",happy
"I am really pleased with everything",happy
"I feel proud of myself today",happy
"I am happy because everything went well",happy
"I feel relaxed and positive today",happy
"I am excited because I completed my work",happy
"I feel lucky and grateful today",happy
"I am having a great time",happy
"I feel fantastic",happy
"I am in a really good mood",happy
"I feel cheerful this morning",happy
"I am excited about my new project",happy
"I feel satisfied with my progress",happy
"I am celebrating my success today",happy
"I feel full of joy",happy
"I am extremely pleased today",happy
"I feel amazing after completing my goal",happy
"I am happy to spend time with my family",happy
"I feel energetic and positive",happy
"I am enjoying every moment today",happy
"I feel optimistic about everything",happy
"I am excited to see what happens next",happy
"I feel peaceful and happy",happy
"I am proud because I finished my assignment",happy
"I feel wonderful after hearing the good news",happy
"I am very cheerful today",happy
"I feel positive about my future",happy
"I am happy with my achievements",happy
"I feel excited and motivated",happy
"I had a beautiful day",happy
"I feel good about myself",happy
"I am extremely excited",happy
"I am feeling positive and joyful",happy
"I feel happy after talking to my friends",happy
"I am enjoying my success",happy
"I feel grateful and content",happy
"I am very happy today",happy

"I feel very sad today",sad
"I am feeling unhappy",sad
"I feel lonely and empty",sad
"I am disappointed with everything",sad
"I feel like crying",sad
"I am feeling hopeless",sad
"I have been feeling down lately",sad
"I feel heartbroken",sad
"I am upset about what happened",sad
"I feel miserable today",sad
"I feel emotionally hurt",sad
"I am sad because things did not work out",sad
"I feel alone right now",sad
"I miss someone very much",sad
"I feel depressed and unhappy",sad
"I am having a difficult emotional day",sad
"I feel low and disappointed",sad
"I am struggling with sadness",sad
"I feel terrible about the situation",sad
"I cannot stop feeling sad",sad
"I feel empty inside",sad
"I am crying because I am hurt",sad
"I feel lonely tonight",sad
"I am deeply disappointed",sad
"I feel emotionally exhausted and sad",sad
"I am upset because I failed",sad
"I feel bad about myself",sad
"I am having a very sad day",sad
"I feel unhappy about my situation",sad
"I am feeling down after the bad news",sad
"I feel like nobody understands me",sad
"I am missing my friends",sad
"I feel sad about losing something important",sad
"I am not feeling good emotionally",sad
"I feel gloomy today",sad
"I am struggling to stay positive",sad
"I feel disappointed in myself",sad
"I am feeling miserable",sad
"I feel very low today",sad
"I am sad because my plans failed",sad
"I feel lonely and upset",sad
"I am emotionally hurt by what happened",sad
"I feel unhappy with my life right now",sad
"I am feeling sorrowful",sad
"I feel sad and alone",sad
"I am having trouble feeling happy",sad
"I feel down after an argument",sad
"I am upset and want to be alone",sad
"I feel like everything is going wrong",sad
"I am feeling very unhappy",sad
"I feel sad about today's events",sad

"I am extremely angry",angry
"I am very angry right now",angry
"I am furious about what happened",angry
"I feel extremely irritated",angry
"I am losing my patience",angry
"I am annoyed by this situation",angry
"I feel frustrated with them",angry
"I am angry because they lied to me",angry
"I cannot control my anger",angry
"I am mad about the situation",angry
"I feel rage building inside me",angry
"I am irritated by everything today",angry
"I am furious with my friend",angry
"I feel angry after that argument",angry
"I am extremely annoyed",angry
"I am frustrated because nobody listens",angry
"I feel angry about the unfair treatment",angry
"I am mad at what happened",angry
"I am losing my temper",angry
"I feel irritated and frustrated",angry
"I am angry because my work was ruined",angry
"I feel furious right now",angry
"I am very annoyed with this problem",angry
"I cannot stop feeling angry",angry
"I am frustrated with my situation",angry
"I feel angry when people ignore me",angry
"I am mad because they broke their promise",angry
"I feel irritated by the constant noise",angry
"I am furious about the mistake",angry
"I am angry after being treated unfairly",angry
"I feel like shouting because I am angry",angry
"I am extremely frustrated",angry
"I feel annoyed and impatient",angry
"I am angry with myself",angry
"I am upset and angry about this",angry
"I feel rage because of what happened",angry
"I am irritated with everyone",angry
"I am angry because my plans were ruined",angry
"I feel frustrated when things go wrong",angry
"I am furious about today's situation",angry
"I am mad at my coworker",angry
"I feel angry after the argument",angry
"I am annoyed because nobody helped me",angry
"I am losing patience with this problem",angry
"I feel very irritated today",angry
"I am angry and frustrated",angry
"I am furious and cannot calm down",angry
"I feel mad about the decision",angry
"I am extremely irritated right now",angry
"I am angry because someone insulted me",angry
"I feel frustrated and angry",angry

"I am feeling very stressed",stressed
"I have too much work and I feel stressed",stressed
"I am under a lot of pressure",stressed
"I feel overwhelmed by my workload",stressed
"I am worried about everything",stressed
"I have too many deadlines",stressed
"I feel anxious about my work",stressed
"I cannot stop worrying",stressed
"I am stressed because of my exams",stressed
"I feel overwhelmed today",stressed
"I have a lot of responsibilities and pressure",stressed
"I am nervous about tomorrow",stressed
"I feel mentally overloaded",stressed
"I am struggling with too much work",stressed
"I feel tense because of my deadlines",stressed
"I am anxious about my future",stressed
"I have too many things to finish",stressed
"I feel pressured by my responsibilities",stressed
"I am worried about my upcoming presentation",stressed
"I feel stressed because I have a lot of work today",stressed
"I cannot relax because I have so much work",stressed
"I feel anxious and overwhelmed",stressed
"I am under pressure at work",stressed
"I am worried about completing my assignment",stressed
"I feel nervous before my exam",stressed
"I have been stressed all day",stressed
"I feel overwhelmed by everything happening",stressed
"I am worried that I will fail",stressed
"I feel pressure from my studies",stressed
"I am stressed about my project deadline",stressed
"I feel anxious about making a mistake",stressed
"I have too much on my mind",stressed
"I feel mentally exhausted because of pressure",stressed
"I am nervous about the interview",stressed
"I feel stressed when I think about work",stressed
"I am worried about my responsibilities",stressed
"I cannot handle all these deadlines",stressed
"I feel tense and worried",stressed
"I am anxious about tomorrow's meeting",stressed
"I feel overloaded with tasks",stressed
"I am stressed about my studies",stressed
"I feel pressure from my family",stressed
"I am worried about my future plans",stressed
"I feel overwhelmed with assignments",stressed
"I am nervous and stressed",stressed
"I have too much work to do",stressed
"I feel anxious because of my workload",stressed
"I am under pressure today",stressed
"I cannot stop thinking about my problems",stressed
"I feel stressed and overwhelmed",stressed

"I am very tired today",tired
"I feel exhausted",tired
"I am completely exhausted after work",tired
"I have no energy today",tired
"I feel sleepy",tired
"I need to rest",tired
"I am feeling drained",tired
"I am physically exhausted",tired
"I feel tired after studying",tired
"I need some sleep",tired
"I feel weak and low on energy",tired
"I am exhausted from a long day",tired
"I feel sleepy all the time",tired
"I have no energy left",tired
"I am worn out",tired
"I feel fatigued today",tired
"I need a break because I am tired",tired
"I am too tired to do anything",tired
"I feel exhausted after traveling",tired
"I need to sleep early tonight",tired
"I am feeling tired and need some rest",tired
"I feel completely drained",tired
"I am exhausted from work",tired
"I have been working all day and I am tired",tired
"I feel sleepy after lunch",tired
"I am tired because I did not sleep well",tired
"I feel low on energy",tired
"I need some rest after studying",tired
"I am physically drained",tired
"I feel tired after a busy day",tired
"I am exhausted and want to sleep",tired
"I have no energy to continue",tired
"I feel tired this morning",tired
"I am sleepy and need rest",tired
"I feel worn out after exercise",tired
"I am tired because I stayed up late",tired
"I feel exhausted today",tired
"I need to take a break and rest",tired
"I feel very sleepy",tired
"I am tired from all the work",tired
"I feel drained after my exams",tired
"I am exhausted from studying",tired
"I need more sleep",tired
"I feel tired and weak",tired
"I am running out of energy",tired
"I feel exhausted after a long journey",tired
"I am sleepy and cannot concentrate",tired
"I feel tired after completing my work",tired
"I am physically tired today",tired
"I feel completely worn out",tired
"I am tired and need to recharge",tired

"I feel normal today",neutral
"I feel okay",neutral
"I am doing fine",neutral
"I feel neither happy nor sad",neutral
"My mood is normal",neutral
"I feel calm and ordinary",neutral
"Nothing special happened today",neutral
"I feel balanced today",neutral
"I am feeling neutral",neutral
"I don't feel strongly emotional",neutral
"I feel okay about everything",neutral
"Today feels like a normal day",neutral
"I am calm and relaxed",neutral
"I feel emotionally balanced",neutral
"I am neither excited nor upset",neutral
"I feel fine with my day",neutral
"Everything feels normal",neutral
"I don't have any strong feelings right now",neutral
"I feel stable today",neutral
"My emotions feel balanced",neutral
"I am feeling okay today",neutral
"I feel calm about the situation",neutral
"I am having an ordinary day",neutral
"I feel normal and comfortable",neutral
"Nothing is bothering me",neutral
"I feel peaceful and neutral",neutral
"I am not particularly happy or sad",neutral
"I feel alright today",neutral
"My mood feels steady",neutral
"I feel fine right now",neutral
"Today has been an average day",neutral
"I am calm and focused",neutral
"I don't feel much emotion today",neutral
"I feel emotionally steady",neutral
"Everything is going normally",neutral
"I am okay with how things are",neutral
"I feel relaxed and balanced",neutral
"My day is going normally",neutral
"I feel neither positive nor negative",neutral
"I am feeling steady today",neutral
"I don't have any strong emotional reaction",neutral
"I feel calm today",neutral
"My mood is stable",neutral
"I am doing alright",neutral
"I feel ordinary today",neutral
"Nothing unusual happened today",neutral
"I feel comfortable with my current situation",neutral
"I am feeling fine",neutral
"My emotions are fairly balanced",neutral
"I feel calm and okay",neutral
"I am having a normal day",neutral
"I feel neutral about everything",neutral
